INSERT INTO Student (student_id, name, phone, email) VALUES
(1, 'Иванов Иван Иванович', '79101234567', 'ivanov@edu.istu.edu'),
(2, 'Петров Петр Петрович', '79111234567', 'petrov@edu.istu.edu'),
(3, 'Сидоров Алексей Сергеевич', '79121234567', 'sidorov@edu.istu.edu'),
(4, 'Кузнецова Анна Михайловна', '79131234567', 'kuznetsova@edu.istu.edu'),
(5, 'Смирнов Дмитрий Викторович', '79141234567', 'smirnov@edu.istu.edu'),
(6, 'Васильева Екатерина Олеговна', '79151234567', 'vasileva@edu.istu.edu'),
(7, 'Николаев Артем Игоревич', '79161234567', 'nikolaev@edu.istu.edu'),
(8, 'Павлова Ольга Дмитриевна', '79171234567', 'pavlova@edu.istu.edu'),
(9, 'Федоров Максим Андреевич', '79181234567', 'fedorov@edu.istu.edu'),
(10, 'Григорьева Татьяна Сергеевна', '79191234567', 'grigoreva@edu.istu.edu'),
(11, 'Белов Александр Павлович', '79201234567', 'belov@edu.istu.edu'),
(12, 'Козлова Виктория Алексеевна', '79211234567', 'kozlova@edu.istu.edu'),
(13, 'Лебедев Сергей Николаевич', '79221234567', 'lebedev@edu.istu.edu'),
(14, 'Соколова Марина Владимировна', '79231234567', 'sokolova@edu.istu.edu'),
(15, 'Морозов Андрей Дмитриевич', '79241234567', 'morozov@edu.istu.edu'),
(16, 'Волкова Елена Александровна', '79251234567', 'volkova@edu.istu.edu'),
(17, 'Алексеев Игорь Викторович', '79261234567', 'alekseev@edu.istu.edu'),
(18, 'Зайцева Наталья Сергеевна', '79271234567', 'zaitseva@edu.istu.edu'),
(19, 'Егоров Павел Олегович', '79281234567', 'egorov@edu.istu.edu'),
(20, 'Орлова Дарья Игоревна', '79291234567', 'orlova@edu.istu.edu'),
(21, 'Тихонов Владислав Андреевич', '79301234567', 'tikhonov@edu.istu.edu'),
(22, 'Антонова Юлия Михайловна', '79311234567', 'antonova@edu.istu.edu'),
(23, 'Макаров Артем Сергеевич', '79321234567', 'makarov@edu.istu.edu'),
(24, 'Ковалева Анастасия Дмитриевна', '79331234567', 'kovaleva@edu.istu.edu'),
(25, 'Гусев Денис Владимирович', '79341234567', 'gusev@edu.istu.edu'),
(26, 'Титова Валерия Андреевна', '79351234567', 'titova@edu.istu.edu'),
(27, 'Комаров Алексей Николаевич', '79361234567', 'komarov@edu.istu.edu'),
(28, 'Давыдова Екатерина Павловна', '79371234567', 'davydova@edu.istu.edu'),
(29, 'Жуков Михаил Игоревич', '79381234567', 'zhukov@edu.istu.edu'),
(30, 'Семенова Алина Викторовна', '79391234567', 'semenova@edu.istu.edu');

INSERT INTO Teacher (teacher_id, name, phone, email, history_id) VALUES
(1, 'Смирнов Александр Васильевич', '79011234567', 'smirnov_av@istu.edu', NULL),
(2, 'Козлова Елена Петровна', '79021234567', 'kozlova_ep@istu.edu', NULL),
(3, 'Петров Игорь Сергеевич', '79031234567', 'petrov_is@istu.edu', NULL),
(4, 'Васильева Марина Викторовна', '79041234567', 'vasileva_mv@istu.edu', NULL),
(5, 'Николаев Дмитрий Александрович', '79051234567', 'nikolaev_da@istu.edu', NULL),
(6, 'Федорова Ольга Дмитриевна', '79061234567', 'fedorova_od@istu.edu', NULL),
(7, 'Михайлов Сергей Павлович', '79071234567', 'mikhailov_sp@istu.edu', NULL),
(8, 'Андреева Татьяна Игоревна', '79081234567', 'andreeva_ti@istu.edu', NULL),
(9, 'Григорьев Павел Викторович', '79091234567', 'grigorev_pv@istu.edu', NULL),
(10, 'Белова Анна Михайловна', '79101234568', 'belova_am@istu.edu', NULL),
(11, 'Кузнецов Владимир Сергеевич', '79111234568', 'kuznetsov_vs@istu.edu', NULL),
(12, 'Лебедева Ирина Александровна', '79121234568', 'lebedeva_ia@istu.edu', NULL),
(13, 'Соколов Андрей Николаевич', '79131234568', 'sokolov_an@istu.edu', NULL),
(14, 'Морозова Екатерина Дмитриевна', '79141234568', 'morozova_ed@istu.edu', NULL),
(15, 'Волков Михаил Олегович', '79151234568', 'volkov_mo@istu.edu', NULL);

INSERT INTO Department (department_id, name, teacher_id) VALUES
(1, 'Кафедра информационных систем и технологий', 1),
(2, 'Кафедра прикладной информатики', 2),
(3, 'Кафедра автоматизированных систем', 3),
(4, 'Кафедра вычислительной техники', 4),
(5, 'Кафедра программного обеспечения', 5),
(6, 'Кафедра кибербезопасности', 6),
(7, 'Кафедра искусственного интеллекта', 7),
(8, 'Кафедра математического моделирования', 8),
(9, 'Кафедра физики', 9),
(10, 'Кафедра иностранных языков', 10),
(11, 'Кафедра экономики', 11),
(12, 'Кафедра менеджмента', 12),
(13, 'Кафедра философии', 13),
(14, 'Кафедра химии', 14),
(15, 'Кафедра экологии', 15);

INSERT INTO Schedule (shedule_id, date, teacher_id) VALUES
(1, '2023-09-01 08:30:00', 1),
(2, '2023-09-01 10:15:00', 2),
(3, '2023-09-01 12:00:00', 3),
(4, '2023-09-01 13:45:00', 4),
(5, '2023-09-01 15:30:00', 5),
(6, '2023-09-02 08:30:00', 6),
(7, '2023-09-02 10:15:00', 7),
(8, '2023-09-02 12:00:00', 8),
(9, '2023-09-02 13:45:00', 9),
(10, '2023-09-02 15:30:00', 10),
(11, '2023-09-03 08:30:00', 11),
(12, '2023-09-03 10:15:00', 12),
(13, '2023-09-03 12:00:00', 13),
(14, '2023-09-03 13:45:00', 14),
(15, '2023-09-03 15:30:00', 15),
(16, '2023-09-04 08:30:00', 1),
(17, '2023-09-04 10:15:00', 2),
(18, '2023-09-04 12:00:00', 3),
(19, '2023-09-04 13:45:00', 4),
(20, '2023-09-04 15:30:00', 5),
(21, '2023-09-05 08:30:00', 6),
(22, '2023-09-05 10:15:00', 7),
(23, '2023-09-05 12:00:00', 8),
(24, '2023-09-05 13:45:00', 9),
(25, '2023-09-05 15:30:00', 10),
(26, '2023-09-06 08:30:00', 11),
(27, '2023-09-06 10:15:00', 12),
(28, '2023-09-06 12:00:00', 13),
(29, '2023-09-06 13:45:00', 14),
(30, '2023-09-06 15:30:00', 15);

INSERT INTO Subject (subject_id, name, department_id, shedule_id) VALUES
(1, 'Базы данных', 1, 1),
(2, 'Программирование на Python', 2, 2),
(3, 'Теория алгоритмов', 3, 3),
(4, 'Компьютерные сети', 4, 4),
(5, 'Операционные системы', 5, 5),
(6, 'Кибербезопасность', 6, 6),
(7, 'Машинное обучение', 7, 7),
(8, 'Математический анализ', 8, 8),
(9, 'Физика', 9, 9),
(10, 'Английский язык', 10, 10),
(11, 'Экономика', 11, 11),
(12, 'Менеджмент', 12, 12),
(13, 'Философия', 13, 13),
(14, 'Химия', 14, 14),
(15, 'Экология', 15, 15),
(16, 'Веб-программирование', 1, 16),
(17, 'Мобильная разработка', 2, 17),
(18, 'Дискретная математика', 3, 18),
(19, 'Архитектура компьютеров', 4, 19),
(20, 'Параллельное программирование', 5, 20),
(21, 'Криптография', 6, 21),
(22, 'Нейронные сети', 7, 22),
(23, 'Линейная алгебра', 8, 23),
(24, 'Теоретическая физика', 9, 24),
(25, 'Немецкий язык', 10, 25),
(26, 'Бухгалтерский учет', 11, 26),
(27, 'Управление проектами', 12, 27),
(28, 'Логика', 13, 28),
(29, 'Биохимия', 14, 29),
(30, 'Природопользование', 15, 30);

INSERT INTO "Group" (group_id, name, student_id, department_id, shedule_id) VALUES
(1, 'ИСИб-23-1', 1, 1, 1),
(2, 'ИСИб-23-1', 2, 1, 1),
(3, 'ИСИб-23-1', 3, 1, 1),
(4, 'ИСИб-23-1', 4, 1, 1),
(5, 'ИСИб-23-1', 5, 1, 1),
(6, 'ИСИб-22-1', 6, 1, 2),
(7, 'ИСИб-22-1', 7, 1, 2),
(8, 'ИСИб-22-1', 8, 1, 2),
(9, 'ИСИб-22-1', 9, 1, 2),
(10, 'ИСИб-22-1', 10, 1, 2),
(11, 'ИСИб-24-1', 11, 1, 3),
(12, 'ИСИб-24-1', 12, 1, 3),
(13, 'ИСИб-24-1', 13, 1, 3),
(14, 'ИСИб-24-1', 14, 1, 3),
(15, 'ИСИб-24-1', 15, 1, 3),
(16, 'ПИб-23-1', 16, 2, 4),
(17, 'ПИб-23-1', 17, 2, 4),
(18, 'ПИб-23-1', 18, 2, 4),
(19, 'ПИб-23-1', 19, 2, 4),
(20, 'ПИб-23-1', 20, 2, 4),
(21, 'АСб-22-1', 21, 3, 5),
(22, 'АСб-22-1', 22, 3, 5),
(23, 'АСб-22-1', 23, 3, 5),
(24, 'АСб-22-1', 24, 3, 5),
(25, 'АСб-22-1', 25, 3, 5),
(26, 'ВТб-24-1', 26, 4, 6),
(27, 'ВТб-24-1', 27, 4, 6),
(28, 'ВТб-24-1', 28, 4, 6),
(29, 'ВТб-24-1', 29, 4, 6),
(30, 'ВТб-24-1', 30, 4, 6);

INSERT INTO Faculty (faculty_id, name, department_id, group_id) VALUES
(1, 'Институт информационных технологий и анализа данных', 1, 1),
(2, 'Институт информационных технологий и анализа данных', 1, 6),
(3, 'Институт информационных технологий и анализа данных', 1, 11),
(4, 'Институт информационных технологий и анализа данных', 2, 16),
(5, 'Институт информационных технологий и анализа данных', 3, 21),
(6, 'Институт информационных технологий и анализа данных', 4, 26),
(7, 'Институт энергетики', 5, NULL),
(8, 'Институт энергетики', 6, NULL),
(9, 'Институт энергетики', 7, NULL),
(10, 'Институт архитектуры и строительства', 8, NULL),
(11, 'Институт архитектуры и строительства', 9, NULL),
(12, 'Институт архитектуры и строительства', 10, NULL),
(13, 'Институт экономики и менеджмента', 11, NULL),
(14, 'Институт экономики и менеджмента', 12, NULL),
(15, 'Институт экономики и менеджмента', 13, NULL),
(16, 'Институт экономики и менеджмента', 14, NULL),
(17, 'Институт экономики и менеджмента', 15, NULL);

INSERT INTO AcademicPerformance (academic_id, is_absent, mark, student_id, subject_id) VALUES
(1, FALSE, 5, 1, 1),
(2, FALSE, 4, 1, 2),
(3, FALSE, 5, 1, 3),
(4, TRUE, NULL, 1, 4),
(5, FALSE, 3, 1, 5),
(6, FALSE, 4, 2, 1),
(7, FALSE, 5, 2, 2),
(8, FALSE, 4, 2, 3),
(9, FALSE, 5, 2, 4),
(10, FALSE, 4, 2, 5),
(11, FALSE, 3, 3, 1),
(12, FALSE, 4, 3, 2),
(13, TRUE, NULL, 3, 3),
(14, FALSE, 3, 3, 4),
(15, FALSE, 5, 3, 5),
(16, FALSE, 5, 4, 1),
(17, FALSE, 5, 4, 2),
(18, FALSE, 5, 4, 3),
(19, FALSE, 5, 4, 4),
(20, FALSE, 5, 4, 5),
(21, FALSE, 4, 5, 1),
(22, FALSE, 4, 5, 2),
(23, FALSE, 4, 5, 3),
(24, FALSE, 4, 5, 4),
(25, FALSE, 4, 5, 5),
(26, FALSE, 3, 6, 6),
(27, FALSE, 4, 6, 7),
(28, FALSE, 5, 6, 8),
(29, TRUE, NULL, 6, 9),
(30, FALSE, 4, 6, 10),
(31, FALSE, 5, 7, 6),
(32, FALSE, 5, 7, 7),
(33, FALSE, 5, 7, 8),
(34, FALSE, 5, 7, 9),
(35, FALSE, 5, 7, 10),
(36, FALSE, 4, 8, 6),
(37, FALSE, 3, 8, 7),
(38, FALSE, 4, 8, 8),
(39, FALSE, 3, 8, 9),
(40, FALSE, 4, 8, 10),
(41, FALSE, 3, 9, 6),
(42, TRUE, NULL, 9, 7),
(43, FALSE, 3, 9, 8),
(44, FALSE, 2, 9, 9),
(45, FALSE, 3, 9, 10),
(46, FALSE, 5, 10, 6),
(47, FALSE, 4, 10, 7),
(48, FALSE, 5, 10, 8),
(49, FALSE, 4, 10, 9),
(50, FALSE, 5, 10, 10),
(51, FALSE, 4, 11, 11),
(52, FALSE, 5, 11, 12),
(53, FALSE, 4, 11, 13),
(54, FALSE, 5, 11, 14),
(55, FALSE, 4, 11, 15),
(56, FALSE, 5, 12, 11),
(57, FALSE, 5, 12, 12),
(58, FALSE, 5, 12, 13),
(59, FALSE, 5, 12, 14),
(60, FALSE, 5, 12, 15),
(61, FALSE, 3, 13, 11),
(62, FALSE, 4, 13, 12),
(63, TRUE, NULL, 13, 13),
(64, FALSE, 3, 13, 14),
(65, FALSE, 4, 13, 15),
(66, FALSE, 4, 14, 11),
(67, FALSE, 3, 14, 12),
(68, FALSE, 4, 14, 13),
(69, FALSE, 3, 14, 14),
(70, FALSE, 4, 14, 15),
(71, FALSE, 5, 15, 11),
(72, FALSE, 4, 15, 12),
(73, FALSE, 5, 15, 13),
(74, FALSE, 4, 15, 14),
(75, FALSE, 5, 15, 15);

INSERT INTO AcademicHistory (history_id, authored_by, authored_date, academic_id) VALUES
(1, 'Смирнов А.В.', '2023-09-10 10:00:00', 1),
(2, 'Смирнов А.В.', '2023-09-10 10:05:00', 2),
(3, 'Смирнов А.В.', '2023-09-10 10:10:00', 3),
(4, 'Смирнов А.В.', '2023-09-10 10:15:00', 4),
(5, 'Смирнов А.В.', '2023-09-10 10:20:00', 5),
(6, 'Козлова Е.П.', '2023-09-11 11:00:00', 6),
(7, 'Козлова Е.П.', '2023-09-11 11:05:00', 7),
(8, 'Козлова Е.П.', '2023-09-11 11:10:00', 8),
(9, 'Козлова Е.П.', '2023-09-11 11:15:00', 9),
(10, 'Козлова Е.П.', '2023-09-11 11:20:00', 10),
(11, 'Петров И.С.', '2023-09-12 12:00:00', 11),
(12, 'Петров И.С.', '2023-09-12 12:05:00', 12),
(13, 'Петров И.С.', '2023-09-12 12:10:00', 13),
(14, 'Петров И.С.', '2023-09-12 12:15:00', 14),
(15, 'Петров И.С.', '2023-09-12 12:20:00', 15),
(16, 'Васильева М.В.', '2023-09-13 13:00:00', 16),
(17, 'Васильева М.В.', '2023-09-13 13:05:00', 17),
(18, 'Васильева М.В.', '2023-09-13 13:10:00', 18),
(19, 'Васильева М.В.', '2023-09-13 13:15:00', 19),
(20, 'Васильева М.В.', '2023-09-13 13:20:00', 20),
(21, 'Николаев Д.А.', '2023-09-14 14:00:00', 21),
(22, 'Николаев Д.А.', '2023-09-14 14:05:00', 22),
(23, 'Николаев Д.А.', '2023-09-14 14:10:00', 23),
(24, 'Николаев Д.А.', '2023-09-14 14:15:00', 24),
(25, 'Николаев Д.А.', '2023-09-14 14:20:00', 25),
(26, 'Федорова О.Д.', '2023-09-15 15:00:00', 26),
(27, 'Федорова О.Д.', '2023-09-15 15:05:00', 27),
(28, 'Федорова О.Д.', '2023-09-15 15:10:00', 28),
(29, 'Федорова О.Д.', '2023-09-15 15:15:00', 29),
(30, 'Федорова О.Д.', '2023-09-15 15:20:00', 30),
(31, 'Михайлов С.П.', '2023-09-16 16:00:00', 31),
(32, 'Михайлов С.П.', '2023-09-16 16:05:00', 32),
(33, 'Михайлов С.П.', '2023-09-16 16:10:00', 33),
(34, 'Михайлов С.П.', '2023-09-16 16:15:00', 34),
(35, 'Михайлов С.П.', '2023-09-16 16:20:00', 35),
(36, 'Андреева Т.И.', '2023-09-17 17:00:00', 36),
(37, 'Андреева Т.И.', '2023-09-17 17:05:00', 37),
(38, 'Андреева Т.И.', '2023-09-17 17:10:00', 38),
(39, 'Андреева Т.И.', '2023-09-17 17:15:00', 39),
(40, 'Андреева Т.И.', '2023-09-17 17:20:00', 40),
(41, 'Григорьев П.В.', '2023-09-18 18:00:00', 41),
(42, 'Григорьев П.В.', '2023-09-18 18:05:00', 42),
(43, 'Григорьев П.В.', '2023-09-18 18:10:00', 43),
(44, 'Григорьев П.В.', '2023-09-18 18:15:00', 44),
(45, 'Григорьев П.В.', '2023-09-18 18:20:00', 45),
(46, 'Белова А.М.', '2023-09-19 19:00:00', 46),
(47, 'Белова А.М.', '2023-09-19 19:05:00', 47),
(48, 'Белова А.М.', '2023-09-19 19:10:00', 48),
(49, 'Белова А.М.', '2023-09-19 19:15:00', 49),
(50, 'Белова А.М.', '2023-09-19 19:20:00', 50),
(51, 'Кузнецов В.С.', '2023-09-20 20:00:00', 51),
(52, 'Кузнецов В.С.', '2023-09-20 20:05:00', 52),
(53, 'Кузнецов В.С.', '2023-09-20 20:10:00', 53),
(54, 'Кузнецов В.С.', '2023-09-20 20:15:00', 54),
(55, 'Кузнецов В.С.', '2023-09-20 20:20:00', 55),
(56, 'Лебедева И.А.', '2023-09-21 21:00:00', 56),
(57, 'Лебедева И.А.', '2023-09-21 21:05:00', 57),
(58, 'Лебедева И.А.', '2023-09-21 21:10:00', 58),
(59, 'Лебедева И.А.', '2023-09-21 21:15:00', 59),
(60, 'Лебедева И.А.', '2023-09-21 21:20:00', 60),
(61, 'Соколов А.Н.', '2023-09-22 22:00:00', 61),
(62, 'Соколов А.Н.', '2023-09-22 22:05:00', 62),
(63, 'Соколов А.Н.', '2023-09-22 22:10:00', 63),
(64, 'Соколов А.Н.', '2023-09-22 22:15:00', 64),
(65, 'Соколов А.Н.', '2023-09-22 22:20:00', 65),
(66, 'Морозова Е.Д.', '2023-09-23 23:00:00', 66),
(67, 'Морозова Е.Д.', '2023-09-23 23:05:00', 67),
(68, 'Морозова Е.Д.', '2023-09-23 23:10:00', 68),
(69, 'Морозова Е.Д.', '2023-09-23 23:15:00', 69),
(70, 'Морозова Е.Д.', '2023-09-23 23:20:00', 70),
(71, 'Волков М.О.', '2023-09-24 09:00:00', 71),
(72, 'Волков М.О.', '2023-09-24 09:05:00', 72),
(73, 'Волков М.О.', '2023-09-24 09:10:00', 73),
(74, 'Волков М.О.', '2023-09-24 09:15:00', 74),
(75, 'Волков М.О.', '2023-09-24 09:20:00', 75);

UPDATE Teacher SET history_id = 1 WHERE teacher_id = 1;
UPDATE Teacher SET history_id = 6 WHERE teacher_id = 2;
UPDATE Teacher SET history_id = 11 WHERE teacher_id = 3;
UPDATE Teacher SET history_id = 16 WHERE teacher_id = 4;
UPDATE Teacher SET history_id = 21 WHERE teacher_id = 5;
UPDATE Teacher SET history_id = 26 WHERE teacher_id = 6;
UPDATE Teacher SET history_id = 31 WHERE teacher_id = 7;
UPDATE Teacher SET history_id = 36 WHERE teacher_id = 8;
UPDATE Teacher SET history_id = 41 WHERE teacher_id = 9;
UPDATE Teacher SET history_id = 46 WHERE teacher_id = 10;
UPDATE Teacher SET history_id = 51 WHERE teacher_id = 11;
UPDATE Teacher SET history_id = 56 WHERE teacher_id = 12;
UPDATE Teacher SET history_id = 61 WHERE teacher_id = 13;
UPDATE Teacher SET history_id = 66 WHERE teacher_id = 14;
UPDATE Teacher SET history_id = 71 WHERE teacher_id = 15;